"","Accuracy","Kappa","Class: 1","Class: 2","Class: 3","Class: 4","testPixels"
"LC81470382013108_0",0.857938718662953,0.809121190164669,0.884892086330935,0.853881278538813,0.808743169398907,0.892655367231638,718
"LC81470382013140_1",0.876560332871013,0.834813521973722,0.874172185430464,0.861904761904762,0.846994535519126,0.926553672316384,721
