"","Accuracy","Kappa","Class: 1","Class: 2","Class: 3","Class: 4","testPixels"
"LC81470382013108_0",0.840782122905028,0.786564861543289,0.813793103448276,0.805687203791469,0.841530054644809,0.903954802259887,716
"LC81470382013140_1",0.901525658807212,0.868440124592658,0.909677419354839,0.898058252427185,0.863387978142076,0.937853107344633,721
