"Accuracy","Kappa","Class: 1","Class: 2","Class: 3","Class: 4","testPixels"
0.848400556328234,0.797139750990086,0.873333333333333,0.842105263157895,0.775956284153005,0.909604519774011,719
0.900138696255201,0.865741123893073,0.899280575539568,0.927927927927928,0.819672131147541,0.949152542372881,721
