"","Accuracy","Kappa","Class: 1","Class: 2","Class: 3","Class: 4","testPixels"
"LC81470382013108_0",0.840490797546012,0.787321063394683,0.907975460122699,0.797546012269939,0.766871165644172,0.889570552147239,652
"LC81470382013140_1",0.884848484848485,0.846464646464646,0.866666666666667,0.872727272727273,0.866666666666667,0.933333333333333,660
