"","mtry","Accuracy","Kappa","AccuracySD","KappaSD","trainingPixels"
"LC81470382013108_0",2,0.823915140429223,0.765046348394889,0.0153222224159861,0.0204636127408692,1428
"LC81470382013140_1",2,0.876128575019693,0.834694564727246,0.0115901222186444,0.0154805879291071,1380
