"","mtry","Accuracy","Kappa","AccuracySD","KappaSD","trainingPixels"
"LC81470382013108_0",4,0.84129501125364,0.788174360192435,0.0142685901105836,0.0190316601304818,1404
"LC81470382013140_1",2,0.871171296133568,0.828077724135038,0.017675689387347,0.0236119250207694,1364
