"mtry","Accuracy","Kappa","AccuracySD","KappaSD","trainingPixels"
2,0.833054250717279,0.777252181330992,0.0128187241940754,0.017178779510608,1384
2,0.873508538631781,0.831225996926355,0.0161556129651221,0.0215571085929101,1428
