"Accuracy","Kappa","Class: 1","Class: 2","Class: 3","Class: 4","testPixels"
0.748953974895398,0.665288677493477,0.855263157894737,0.673170731707317,0.677595628415301,0.819209039548023,717
0.814147018030513,0.750851649272649,0.859154929577465,0.853881278538813,0.704918032786885,0.84180790960452,721
0.778085991678225,0.702389705408118,0.82,0.900473933649289,0.622950819672131,0.757062146892655,721
