"","mtry","Accuracy","Kappa","AccuracySD","KappaSD","trainingPixels"
"LC81470382013108_0",2,0.834202411859269,0.778762197242022,0.0131925598093848,0.0176477212654142,1332
"LC81470382013140_1",2,0.875358285360342,0.833688661118629,0.0119363922743271,0.0159071939389507,1324
