"mtry","Accuracy","Kappa","AccuracySD","KappaSD","trainingPixels"
2,0.735548384773684,0.647159012413248,0.018755885828358,0.0250427100715363,1376
2,0.793140225713377,0.724012913498611,0.0175083467489122,0.0233422579890807,1416
2,0.765524900483982,0.687238929202359,0.0178031973393229,0.0236768958265943,1384
