"","mtry","Accuracy","Kappa","AccuracySD","KappaSD","trainingPixels"
"LC81470382013108_0",4,0.828261519343917,0.770824218116008,0.0147327612846644,0.019536566870393,1428
"LC81470382013140_1",2,0.871055493780159,0.82794530435256,0.0145998023417842,0.0195015002035359,1404
