"","Accuracy","Kappa","Class: 1","Class: 2","Class: 3","Class: 4","testPixels"
"LC81470382013108_0",0.879496402877698,0.839328537170264,0.913669064748201,0.841726618705036,0.827338129496403,0.935251798561151,556
"LC81470382013140_1",0.906896551724138,0.875862068965517,0.896551724137931,0.924137931034483,0.882758620689655,0.924137931034483,580
